<?xml version="1.0" encoding="UTF-8"?>
<component xmlns="http://www.opensource-socialnetwork.org/v/3.0">
    <name>MyShout</name>
    <id>myshout</id>
    <author>Matthew Turner - www.MatrixMinds.org</author>
    <description>A custom shout component, inspired by Short Bio.- Version 1.2 will include Emoji's. This is a future edit once I have Time.</description>
    <license>GNU General Public License v2</license>
    <version>1.0</version>
	<requires>
		<type>ossn_version</type>
		<version>7.2</version>
	</requires>
</component>
